ID,correo_electronico,nombre_evento,ID_evento
1,tkelley@example.net,Estrategias Avanzadas de Ciberseguridad en 2024,1
2,radams@example.net,Estrategias Avanzadas de Ciberseguridad en 2024,1
3,fullerjustin@example.com,Estrategias Avanzadas de Ciberseguridad en 2024,1
4,wroberts@example.net,Estrategias Avanzadas de Ciberseguridad en 2024,1
5,matthew69@example.com,Estrategias Avanzadas de Ciberseguridad en 2024,1
6,yorkbrad@example.net,Estrategias Avanzadas de Ciberseguridad en 2024,1
7,brett11@example.net,Estrategias Avanzadas de Ciberseguridad en 2024,1
8,frichards@example.org,Estrategias Avanzadas de Ciberseguridad en 2024,1
9,oscar96@example.net,Estrategias Avanzadas de Ciberseguridad en 2024,1
10,robinsonmatthew@example.com,Estrategias Avanzadas de Ciberseguridad en 2024,1
11,brandi93@example.com,Estrategias Avanzadas de Ciberseguridad en 2024,1
12,ashleyryan@example.com,Estrategias Avanzadas de Ciberseguridad en 2024,1
13,brianholloway@example.com,Estrategias Avanzadas de Ciberseguridad en 2024,1
14,dannyvazquez@example.com,Estrategias Avanzadas de Ciberseguridad en 2024,1
15,douglas09@example.org,Estrategias Avanzadas de Ciberseguridad en 2024,1
16,jessicabaker@example.net,Estrategias Avanzadas de Ciberseguridad en 2024,1
17,amber71@example.org,Estrategias Avanzadas de Ciberseguridad en 2024,1
18,goodmandiane@example.com,Estrategias Avanzadas de Ciberseguridad en 2024,1
19,ngutierrez@example.com,Estrategias Avanzadas de Ciberseguridad en 2024,1
20,sfreeman@example.com,Estrategias Avanzadas de Ciberseguridad en 2024,1
21,johnsonjeffrey@example.org,Estrategias Avanzadas de Ciberseguridad en 2024,1
22,rossjennifer@example.com,Estrategias Avanzadas de Ciberseguridad en 2024,1
23,william58@example.org,Estrategias Avanzadas de Ciberseguridad en 2024,1
24,stephaniebutler@example.com,Estrategias Avanzadas de Ciberseguridad en 2024,1
25,david08@example.org,Estrategias Avanzadas de Ciberseguridad en 2024,1
26,henry85@example.net,Estrategias Avanzadas de Ciberseguridad en 2024,1
27,donnalopez@example.com,Estrategias Avanzadas de Ciberseguridad en 2024,1
28,okhan@example.com,Estrategias Avanzadas de Ciberseguridad en 2024,1
29,jonathanstrickland@example.org,Estrategias Avanzadas de Ciberseguridad en 2024,1
30,kellyfoster@example.org,Estrategias Avanzadas de Ciberseguridad en 2024,1
31,mcgeejoshua@example.net,Estrategias Avanzadas de Ciberseguridad en 2024,1
32,terri73@example.net,Estrategias Avanzadas de Ciberseguridad en 2024,1
33,jonesjoseph@example.com,Estrategias Avanzadas de Ciberseguridad en 2024,1
34,kmartin@example.net,Estrategias Avanzadas de Ciberseguridad en 2024,1
35,nathancarlson@example.net,Estrategias Avanzadas de Ciberseguridad en 2024,1
36,nathan51@example.org,Estrategias Avanzadas de Ciberseguridad en 2024,1
37,tammy47@example.org,Estrategias Avanzadas de Ciberseguridad en 2024,1
38,lisa02@example.net,Estrategias Avanzadas de Ciberseguridad en 2024,1
39,kathleenfitzgerald@example.org,Estrategias Avanzadas de Ciberseguridad en 2024,1
40,johnroberson@example.net,Estrategias Avanzadas de Ciberseguridad en 2024,1
41,smithaustin@example.com,Estrategias Avanzadas de Ciberseguridad en 2024,1
42,darren50@example.net,Estrategias Avanzadas de Ciberseguridad en 2024,1
43,williamsrobert@example.org,Estrategias Avanzadas de Ciberseguridad en 2024,1
44,timothymcdowell@example.com,Estrategias Avanzadas de Ciberseguridad en 2024,1
45,fmartin@example.com,Estrategias Avanzadas de Ciberseguridad en 2024,1
46,kmartinez@example.org,Estrategias Avanzadas de Ciberseguridad en 2024,1
47,shammond@example.com,Estrategias Avanzadas de Ciberseguridad en 2024,1
48,john45@example.org,Estrategias Avanzadas de Ciberseguridad en 2024,1
49,collierdebra@example.net,Estrategias Avanzadas de Ciberseguridad en 2024,1
50,steven61@example.org,Estrategias Avanzadas de Ciberseguridad en 2024,1
51,whiteshawn@example.org,Estrategias Avanzadas de Ciberseguridad en 2024,1
52,dmoses@example.org,Estrategias Avanzadas de Ciberseguridad en 2024,1
53,ganderson@example.com,Estrategias Avanzadas de Ciberseguridad en 2024,1
54,pbrown@example.org,Estrategias Avanzadas de Ciberseguridad en 2024,1
55,kathryngarrett@example.net,Estrategias Avanzadas de Ciberseguridad en 2024,1
56,smithdavid@example.net,Estrategias Avanzadas de Ciberseguridad en 2024,1
57,taylormartin@example.com,Estrategias Avanzadas de Ciberseguridad en 2024,1
58,amy81@example.org,Estrategias Avanzadas de Ciberseguridad en 2024,1
59,igriffin@example.org,Estrategias Avanzadas de Ciberseguridad en 2024,1
60,richardandrews@example.org,Estrategias Avanzadas de Ciberseguridad en 2024,1
61,mayraymond@example.com,Estrategias Avanzadas de Ciberseguridad en 2024,1
62,rwang@example.net,Estrategias Avanzadas de Ciberseguridad en 2024,1
63,kgill@example.org,Estrategias Avanzadas de Ciberseguridad en 2024,1
64,jennifer83@example.org,Estrategias Avanzadas de Ciberseguridad en 2024,1
65,alexanderheidi@example.net,Estrategias Avanzadas de Ciberseguridad en 2024,1
66,aliciabaker@example.com,Estrategias Avanzadas de Ciberseguridad en 2024,1
67,allenmeredith@example.org,Estrategias Avanzadas de Ciberseguridad en 2024,1
68,kathy40@example.org,Estrategias Avanzadas de Ciberseguridad en 2024,1
69,matthew49@example.com,Estrategias Avanzadas de Ciberseguridad en 2024,1
70,amyjohnston@example.com,Estrategias Avanzadas de Ciberseguridad en 2024,1
71,kylie00@example.net,Estrategias Avanzadas de Ciberseguridad en 2024,1
72,hebertchad@example.com,Estrategias Avanzadas de Ciberseguridad en 2024,1
73,owashington@example.org,Estrategias Avanzadas de Ciberseguridad en 2024,1
74,uwilliams@example.com,Estrategias Avanzadas de Ciberseguridad en 2024,1
75,williamskarl@example.org,Estrategias Avanzadas de Ciberseguridad en 2024,1
76,elizabethpowers@example.net,Estrategias Avanzadas de Ciberseguridad en 2024,1
77,dannyolson@example.org,Estrategias Avanzadas de Ciberseguridad en 2024,1
78,hannahmyers@example.net,Estrategias Avanzadas de Ciberseguridad en 2024,1
79,ureed@example.net,Estrategias Avanzadas de Ciberseguridad en 2024,1
80,michaelbrown@example.com,Estrategias Avanzadas de Ciberseguridad en 2024,1
81,michael15@example.net,Estrategias Avanzadas de Ciberseguridad en 2024,1
82,sabrina59@example.com,Estrategias Avanzadas de Ciberseguridad en 2024,1
83,smartinez@example.org,Estrategias Avanzadas de Ciberseguridad en 2024,1
84,gcox@example.net,Estrategias Avanzadas de Ciberseguridad en 2024,1
85,harveychristopher@example.com,Estrategias Avanzadas de Ciberseguridad en 2024,1
86,nicholas22@example.org,Estrategias Avanzadas de Ciberseguridad en 2024,1
1,tkelley@example.net,Desarrollo Web Moderno: Tendencias y Tecnologías,2
2,radams@example.net,Desarrollo Web Moderno: Tendencias y Tecnologías,2
3,fullerjustin@example.com,Desarrollo Web Moderno: Tendencias y Tecnologías,2
4,wroberts@example.net,Desarrollo Web Moderno: Tendencias y Tecnologías,2
5,matthew69@example.com,Desarrollo Web Moderno: Tendencias y Tecnologías,2
6,yorkbrad@example.net,Desarrollo Web Moderno: Tendencias y Tecnologías,2
7,brett11@example.net,Desarrollo Web Moderno: Tendencias y Tecnologías,2
8,frichards@example.org,Desarrollo Web Moderno: Tendencias y Tecnologías,2
9,oscar96@example.net,Desarrollo Web Moderno: Tendencias y Tecnologías,2
10,robinsonmatthew@example.com,Desarrollo Web Moderno: Tendencias y Tecnologías,2
11,brandi93@example.com,Desarrollo Web Moderno: Tendencias y Tecnologías,2
12,ashleyryan@example.com,Desarrollo Web Moderno: Tendencias y Tecnologías,2
13,brianholloway@example.com,Desarrollo Web Moderno: Tendencias y Tecnologías,2
14,dannyvazquez@example.com,Desarrollo Web Moderno: Tendencias y Tecnologías,2
15,douglas09@example.org,Desarrollo Web Moderno: Tendencias y Tecnologías,2
16,jessicabaker@example.net,Desarrollo Web Moderno: Tendencias y Tecnologías,2
17,amber71@example.org,Desarrollo Web Moderno: Tendencias y Tecnologías,2
18,goodmandiane@example.com,Desarrollo Web Moderno: Tendencias y Tecnologías,2
19,ngutierrez@example.com,Desarrollo Web Moderno: Tendencias y Tecnologías,2
20,sfreeman@example.com,Desarrollo Web Moderno: Tendencias y Tecnologías,2
21,johnsonjeffrey@example.org,Desarrollo Web Moderno: Tendencias y Tecnologías,2
22,rossjennifer@example.com,Desarrollo Web Moderno: Tendencias y Tecnologías,2
23,william58@example.org,Desarrollo Web Moderno: Tendencias y Tecnologías,2
24,stephaniebutler@example.com,Desarrollo Web Moderno: Tendencias y Tecnologías,2
25,david08@example.org,Desarrollo Web Moderno: Tendencias y Tecnologías,2
26,henry85@example.net,Desarrollo Web Moderno: Tendencias y Tecnologías,2
27,donnalopez@example.com,Desarrollo Web Moderno: Tendencias y Tecnologías,2
28,okhan@example.com,Desarrollo Web Moderno: Tendencias y Tecnologías,2
29,jonathanstrickland@example.org,Desarrollo Web Moderno: Tendencias y Tecnologías,2
30,kellyfoster@example.org,Desarrollo Web Moderno: Tendencias y Tecnologías,2
31,mcgeejoshua@example.net,Desarrollo Web Moderno: Tendencias y Tecnologías,2
32,terri73@example.net,Desarrollo Web Moderno: Tendencias y Tecnologías,2
33,jonesjoseph@example.com,Desarrollo Web Moderno: Tendencias y Tecnologías,2
34,kmartin@example.net,Desarrollo Web Moderno: Tendencias y Tecnologías,2
35,nathancarlson@example.net,Desarrollo Web Moderno: Tendencias y Tecnologías,2
36,nathan51@example.org,Desarrollo Web Moderno: Tendencias y Tecnologías,2
37,tammy47@example.org,Desarrollo Web Moderno: Tendencias y Tecnologías,2
38,lisa02@example.net,Desarrollo Web Moderno: Tendencias y Tecnologías,2
39,kathleenfitzgerald@example.org,Desarrollo Web Moderno: Tendencias y Tecnologías,2
40,johnroberson@example.net,Desarrollo Web Moderno: Tendencias y Tecnologías,2
41,smithaustin@example.com,Desarrollo Web Moderno: Tendencias y Tecnologías,2
42,darren50@example.net,Desarrollo Web Moderno: Tendencias y Tecnologías,2
43,williamsrobert@example.org,Desarrollo Web Moderno: Tendencias y Tecnologías,2
44,timothymcdowell@example.com,Desarrollo Web Moderno: Tendencias y Tecnologías,2
45,fmartin@example.com,Desarrollo Web Moderno: Tendencias y Tecnologías,2
46,kmartinez@example.org,Desarrollo Web Moderno: Tendencias y Tecnologías,2
47,shammond@example.com,Desarrollo Web Moderno: Tendencias y Tecnologías,2
48,john45@example.org,Desarrollo Web Moderno: Tendencias y Tecnologías,2
49,collierdebra@example.net,Desarrollo Web Moderno: Tendencias y Tecnologías,2
50,steven61@example.org,Desarrollo Web Moderno: Tendencias y Tecnologías,2
51,whiteshawn@example.org,Desarrollo Web Moderno: Tendencias y Tecnologías,2
52,dmoses@example.org,Desarrollo Web Moderno: Tendencias y Tecnologías,2
53,ganderson@example.com,Desarrollo Web Moderno: Tendencias y Tecnologías,2
54,pbrown@example.org,Desarrollo Web Moderno: Tendencias y Tecnologías,2
55,kathryngarrett@example.net,Desarrollo Web Moderno: Tendencias y Tecnologías,2
56,smithdavid@example.net,Desarrollo Web Moderno: Tendencias y Tecnologías,2
57,taylormartin@example.com,Desarrollo Web Moderno: Tendencias y Tecnologías,2
58,amy81@example.org,Desarrollo Web Moderno: Tendencias y Tecnologías,2
59,igriffin@example.org,Desarrollo Web Moderno: Tendencias y Tecnologías,2
60,richardandrews@example.org,Desarrollo Web Moderno: Tendencias y Tecnologías,2
61,mayraymond@example.com,Desarrollo Web Moderno: Tendencias y Tecnologías,2
62,rwang@example.net,Desarrollo Web Moderno: Tendencias y Tecnologías,2
63,kgill@example.org,Desarrollo Web Moderno: Tendencias y Tecnologías,2
64,jennifer83@example.org,Desarrollo Web Moderno: Tendencias y Tecnologías,2
65,alexanderheidi@example.net,Desarrollo Web Moderno: Tendencias y Tecnologías,2
66,aliciabaker@example.com,Desarrollo Web Moderno: Tendencias y Tecnologías,2
67,allenmeredith@example.org,Desarrollo Web Moderno: Tendencias y Tecnologías,2
68,kathy40@example.org,Desarrollo Web Moderno: Tendencias y Tecnologías,2
69,matthew49@example.com,Desarrollo Web Moderno: Tendencias y Tecnologías,2
70,amyjohnston@example.com,Desarrollo Web Moderno: Tendencias y Tecnologías,2
71,kylie00@example.net,Desarrollo Web Moderno: Tendencias y Tecnologías,2
72,hebertchad@example.com,Desarrollo Web Moderno: Tendencias y Tecnologías,2
73,owashington@example.org,Desarrollo Web Moderno: Tendencias y Tecnologías,2
74,uwilliams@example.com,Desarrollo Web Moderno: Tendencias y Tecnologías,2
75,williamskarl@example.org,Desarrollo Web Moderno: Tendencias y Tecnologías,2
76,elizabethpowers@example.net,Desarrollo Web Moderno: Tendencias y Tecnologías,2
77,dannyolson@example.org,Desarrollo Web Moderno: Tendencias y Tecnologías,2
78,hannahmyers@example.net,Desarrollo Web Moderno: Tendencias y Tecnologías,2
79,ureed@example.net,Desarrollo Web Moderno: Tendencias y Tecnologías,2
80,michaelbrown@example.com,Desarrollo Web Moderno: Tendencias y Tecnologías,2
81,michael15@example.net,Desarrollo Web Moderno: Tendencias y Tecnologías,2
82,sabrina59@example.com,Desarrollo Web Moderno: Tendencias y Tecnologías,2
83,smartinez@example.org,Desarrollo Web Moderno: Tendencias y Tecnologías,2
84,gcox@example.net,Desarrollo Web Moderno: Tendencias y Tecnologías,2
85,harveychristopher@example.com,Desarrollo Web Moderno: Tendencias y Tecnologías,2
86,nicholas22@example.org,Desarrollo Web Moderno: Tendencias y Tecnologías,2
67,allenmeredith@example.org,Fundamentos de Python para Principiantes,3
80,michaelbrown@example.com,Fundamentos de Python para Principiantes,3
4,wroberts@example.net,Fundamentos de Python para Principiantes,3
87,darrenbowers@example.net,Fundamentos de Python para Principiantes,3
50,steven61@example.org,Fundamentos de Python para Principiantes,3
9,oscar96@example.net,Fundamentos de Python para Principiantes,3
88,rhondawilliams@example.com,Fundamentos de Python para Principiantes,3
89,qwhite@example.net,Fundamentos de Python para Principiantes,3
90,lisa39@example.com,Fundamentos de Python para Principiantes,3
91,isampson@example.org,Fundamentos de Python para Principiantes,3
92,david55@example.com,Fundamentos de Python para Principiantes,3
93,jamiejohnson@example.org,Fundamentos de Python para Principiantes,3
94,smitheric@example.org,Fundamentos de Python para Principiantes,3
60,richardandrews@example.org,Fundamentos de Python para Principiantes,3
95,fholmes@example.org,Fundamentos de Python para Principiantes,3
57,taylormartin@example.com,Fundamentos de Python para Principiantes,3
39,kathleenfitzgerald@example.org,Fundamentos de Python para Principiantes,3
6,yorkbrad@example.net,Fundamentos de Python para Principiantes,3
96,michellethompson@example.net,Fundamentos de Python para Principiantes,3
79,ureed@example.net,Fundamentos de Python para Principiantes,3
97,jacksonjennifer@example.com,Fundamentos de Python para Principiantes,3
98,daniel51@example.net,Fundamentos de Python para Principiantes,3
99,danawinters@example.org,Fundamentos de Python para Principiantes,3
84,gcox@example.net,Fundamentos de Python para Principiantes,3
100,sethsingh@example.net,Fundamentos de Python para Principiantes,3
101,wyattfrank@example.net,Fundamentos de Python para Principiantes,3
77,dannyolson@example.org,Fundamentos de Python para Principiantes,3
68,kathy40@example.org,Fundamentos de Python para Principiantes,3
102,elizabethpearson@example.org,Fundamentos de Python para Principiantes,3
103,rhonda20@example.org,Fundamentos de Python para Principiantes,3
104,pottsdonald@example.com,Fundamentos de Python para Principiantes,3
33,jonesjoseph@example.com,Fundamentos de Python para Principiantes,3
74,uwilliams@example.com,Fundamentos de Python para Principiantes,3
61,mayraymond@example.com,Fundamentos de Python para Principiantes,3
105,michaelmiller@example.com,Fundamentos de Python para Principiantes,3
70,amyjohnston@example.com,Fundamentos de Python para Principiantes,3
106,michaelfriedman@example.com,Fundamentos de Python para Principiantes,3
107,jocelyn50@example.org,Fundamentos de Python para Principiantes,3
108,ramirezdustin@example.org,Fundamentos de Python para Principiantes,3
109,enguyen@example.org,Fundamentos de Python para Principiantes,3
82,sabrina59@example.com,Fundamentos de Python para Principiantes,3
110,tammie48@example.org,Fundamentos de Python para Principiantes,3
111,melanie41@example.net,Fundamentos de Python para Principiantes,3
112,barronjeffrey@example.net,Fundamentos de Python para Principiantes,3
48,john45@example.org,Fundamentos de Python para Principiantes,3
113,brockaaron@example.com,Fundamentos de Python para Principiantes,3
114,brooke40@example.org,Fundamentos de Python para Principiantes,3
115,owenssarah@example.com,Fundamentos de Python para Principiantes,3
116,fvelez@example.net,Fundamentos de Python para Principiantes,3
30,kellyfoster@example.org,Fundamentos de Python para Principiantes,3
18,goodmandiane@example.com,Fundamentos de Python para Principiantes,3
117,jessica78@example.org,Fundamentos de Python para Principiantes,3
118,sherri35@example.org,Fundamentos de Python para Principiantes,3
78,hannahmyers@example.net,Fundamentos de Python para Principiantes,3
43,williamsrobert@example.org,Fundamentos de Python para Principiantes,3
119,allison15@example.net,Fundamentos de Python para Principiantes,3
120,sharongarcia@example.net,Fundamentos de Python para Principiantes,3
23,william58@example.org,Fundamentos de Python para Principiantes,3
121,melissaramirez@example.com,Fundamentos de Python para Principiantes,3
122,fmiller@example.net,Fundamentos de Python para Principiantes,3
123,ismith@example.com,Fundamentos de Python para Principiantes,3
85,harveychristopher@example.com,Fundamentos de Python para Principiantes,3
21,johnsonjeffrey@example.org,Fundamentos de Python para Principiantes,3
69,matthew49@example.com,Fundamentos de Python para Principiantes,3
41,smithaustin@example.com,Fundamentos de Python para Principiantes,3
124,brianna85@example.net,Fundamentos de Python para Principiantes,3
16,jessicabaker@example.net,Fundamentos de Python para Principiantes,3
125,rpham@example.org,Fundamentos de Python para Principiantes,3
45,fmartin@example.com,Fundamentos de Python para Principiantes,3
126,amandathomas@example.com,Fundamentos de Python para Principiantes,3
127,waltoncody@example.com,Fundamentos de Python para Principiantes,3
7,brett11@example.net,Fundamentos de Python para Principiantes,3
128,cparker@example.com,Fundamentos de Python para Principiantes,3
129,bauermatthew@example.com,Fundamentos de Python para Principiantes,3
15,douglas09@example.org,Fundamentos de Python para Principiantes,3
59,igriffin@example.org,Fundamentos de Python para Principiantes,3
56,smithdavid@example.net,Fundamentos de Python para Principiantes,3
44,timothymcdowell@example.com,Fundamentos de Python para Principiantes,3
130,johnsonjoshua@example.org,Fundamentos de Python para Principiantes,3
17,amber71@example.org,Fundamentos de Python para Principiantes,3
131,kbowman@example.com,Fundamentos de Python para Principiantes,3
132,amanda24@example.com,Fundamentos de Python para Principiantes,3
133,millerrobert@example.com,Fundamentos de Python para Principiantes,3
134,rushkevin@example.net,Fundamentos de Python para Principiantes,3
26,henry85@example.net,Fundamentos de Python para Principiantes,3
135,michelle15@example.org,Fundamentos de Python para Principiantes,3
22,rossjennifer@example.com,Fundamentos de Python para Principiantes,3
32,terri73@example.net,Fundamentos de Python para Principiantes,3
2,radams@example.net,Fundamentos de Python para Principiantes,3
66,aliciabaker@example.com,Fundamentos de Python para Principiantes,3
71,kylie00@example.net,Fundamentos de Python para Principiantes,3
136,mercadojoel@example.org,Fundamentos de Python para Principiantes,3
28,okhan@example.com,Fundamentos de Python para Principiantes,3
35,nathancarlson@example.net,Fundamentos de Python para Principiantes,3
137,valeriethompson@example.net,Fundamentos de Python para Principiantes,3
138,fboyd@example.net,Fundamentos de Python para Principiantes,3
139,hernandezangela@example.com,Fundamentos de Python para Principiantes,3
20,sfreeman@example.com,Fundamentos de Python para Principiantes,3
140,owalker@example.com,Fundamentos de Python para Principiantes,3
